peptide,ic50
AIAACAMLLV,653.4288013211619
ALVCYIVMPV,70.0433358747308
ALEPRKEIDV,2383.186914138526
