peptide,ic50
AIAACAMLLV,48.951961072905746
ALVCYIVMPV,8.560921917608631
ALEPRKEIDV,1276.6155418734916
